{
    "name": "root",
    "metadata": {
        "timer_format_version": "0.1.0",
        "start_time_seconds": "1721327249",
        "python_version": "3.8.10 (default, May 19 2021, 13:12:57) [MSC v.1916 64 bit (AMD64)]",
        "command_line_arguments": "C:\\Users\\ezios\\anaconda3\\envs\\unity\\Scripts\\mlagents-learn BossAgent.yaml --run-id=teste --force",
        "mlagents_version": "0.29.0",
        "mlagents_envs_version": "0.29.0",
        "communication_protocol_version": "1.5.0",
        "pytorch_version": "1.8.1+cpu",
        "numpy_version": "1.21.2",
        "end_time_seconds": "1721327319"
    },
    "total": 70.3514092,
    "count": 1,
    "self": 10.005389200000003,
    "children": {
        "run_training.setup": {
            "total": 0.07179559999999996,
            "count": 1,
            "self": 0.07179559999999996
        },
        "TrainerController.start_learning": {
            "total": 60.2742244,
            "count": 1,
            "self": 0.008040899999997464,
            "children": {
                "TrainerController._reset_env": {
                    "total": 4.8962018,
                    "count": 1,
                    "self": 4.8962018
                },
                "TrainerController.advance": {
                    "total": 55.293658,
                    "count": 2,
                    "self": 2.1300000000223918e-05,
                    "children": {
                        "env_step": {
                            "total": 55.2936367,
                            "count": 2,
                            "self": 55.2936048,
                            "children": {
                                "SubprocessEnvManager._take_step": {
                                    "total": 2.0200000002468244e-05,
                                    "count": 3,
                                    "self": 2.0200000002468244e-05
                                },
                                "workers": {
                                    "total": 1.1699999999947863e-05,
                                    "count": 1,
                                    "self": 0.0,
                                    "children": {
                                        "worker_root": {
                                            "total": 0.9411658000000003,
                                            "count": 1,
                                            "is_parallel": true,
                                            "self": 0.08948850000000075,
                                            "children": {
                                                "steps_from_proto": {
                                                    "total": 0.00038109999999935695,
                                                    "count": 1,
                                                    "is_parallel": true,
                                                    "self": 0.00017539999999893752,
                                                    "children": {
                                                        "_process_rank_one_or_two_observation": {
                                                            "total": 0.00020570000000041944,
                                                            "count": 2,
                                                            "is_parallel": true,
                                                            "self": 0.00020570000000041944
                                                        }
                                                    }
                                                },
                                                "UnityEnvironment.step": {
                                                    "total": 0.8512962000000002,
                                                    "count": 1,
                                                    "is_parallel": true,
                                                    "self": 0.00011730000000031993,
                                                    "children": {
                                                        "UnityEnvironment._generate_step_input": {
                                                            "total": 4.47999999995119e-05,
                                                            "count": 1,
                                                            "is_parallel": true,
                                                            "self": 4.47999999995119e-05
                                                        },
                                                        "communicator.exchange": {
                                                            "total": 0.8508499,
                                                            "count": 1,
                                                            "is_parallel": true,
                                                            "self": 0.8508499
                                                        },
                                                        "steps_from_proto": {
                                                            "total": 0.0002842000000002898,
                                                            "count": 1,
                                                            "is_parallel": true,
                                                            "self": 0.00015560000000025553,
                                                            "children": {
                                                                "_process_rank_one_or_two_observation": {
                                                                    "total": 0.00012860000000003424,
                                                                    "count": 2,
                                                                    "is_parallel": true,
                                                                    "self": 0.00012860000000003424
                                                                }
                                                            }
                                                        }
                                                    }
                                                }
                                            }
                                        }
                                    }
                                }
                            }
                        }
                    }
                },
                "trainer_threads": {
                    "total": 1.639999999980546e-05,
                    "count": 1,
                    "self": 1.639999999980546e-05,
                    "children": {
                        "thread_root": {
                            "total": 0.0,
                            "count": 0,
                            "is_parallel": true,
                            "self": 0.0,
                            "children": {
                                "trainer_advance": {
                                    "total": 55.22454889999997,
                                    "count": 3530,
                                    "is_parallel": true,
                                    "self": 0.16208269999973623,
                                    "children": {
                                        "process_trajectory": {
                                            "total": 55.06246620000023,
                                            "count": 3530,
                                            "is_parallel": true,
                                            "self": 55.06246620000023
                                        }
                                    }
                                }
                            }
                        }
                    }
                },
                "TrainerController._save_models": {
                    "total": 0.07630730000000341,
                    "count": 1,