{
    "name": "root",
    "metadata": {
        "timer_format_version": "0.1.0",
        "start_time_seconds": "1721244878",
        "python_version": "3.8.10 (tags/v3.8.10:3d8993a, May  3 2021, 11:48:03) [MSC v.1928 64 bit (AMD64)]",
        "command_line_arguments": "C:\\Users\\nicol\\ml-agents\\venv\\Scripts\\mlagents-learn BossAgent.yaml --run-id=agoravaipor",
        "mlagents_version": "0.29.0",
        "mlagents_envs_version": "0.29.0",
        "communication_protocol_version": "1.5.0",
        "pytorch_version": "1.8.1+cpu",
        "numpy_version": "1.21.2",
        "end_time_seconds": "1721244981"
    },
    "total": 102.8618977,
    "count": 1,
    "self": 0.003867199999987747,
    "children": {
        "run_training.setup": {
            "total": 0.07764669999999996,
            "count": 1,
            "self": 0.07764669999999996
        },
        "TrainerController.start_learning": {
            "total": 102.78038380000001,
            "count": 1,
            "self": 0.00013440000000741747,
            "children": {
                "TrainerController._reset_env": {
                    "total": 14.360576400000001,
                    "count": 1,
                    "self": 14.360576400000001
                },
                "TrainerController.advance": {
                    "total": 88.357748,
                    "count": 2,
                    "self": 2.6300000001810986e-05,
                    "children": {
                        "env_step": {
                            "total": 88.3576997,
                            "count": 2,
                            "self": 88.3576802,
                            "children": {
                                "SubprocessEnvManager._take_step": {
                                    "total": 8.90000000097757e-06,
                                    "count": 2,
                                    "self": 8.90000000097757e-06
                                },
                                "workers": {
                                    "total": 1.0599999999527654e-05,
                                    "count": 1,
                                    "self": 0.0,
                                    "children": {
                                        "worker_root": {
                                            "total": 6.8248157,
                                            "count": 1,
                                            "is_parallel": true,
                                            "self": 0.007369900000000484,
                                            "children": {
                                                "steps_from_proto": {
                                                    "total": 0.0002710000000014645,
                                                    "count": 1,
                                                    "is_parallel": true,
                                                    "self": 0.00011500000000097543,
                                                    "children": {
                                                        "_process_rank_one_or_two_observation": {
                                                            "total": 0.00015600000000048908,
                                                            "count": 2,
                                                            "is_parallel": true,
                                                            "self": 0.00015600000000048908
                                                        }
                                                    }
                                                },
                                                "UnityEnvironment.step": {
                                                    "total": 6.817174799999998,
                                                    "count": 1,
                                                    "is_parallel": true,
                                                    "self": 8.919999999790207e-05,
                                                    "children": {
                                                        "UnityEnvironment._generate_step_input": {
                                                            "total": 3.200000000092018e-05,
                                                            "count": 1,
                                                            "is_parallel": true,
                                                            "self": 3.200000000092018e-05
                                                        },
                                                        "communicator.exchange": {
                                                            "total": 6.8168807000000005,
                                                            "count": 1,
                                                            "is_parallel": true,
                                                            "self": 6.8168807000000005
                                                        },
                                                        "steps_from_proto": {
                                                            "total": 0.00017289999999903216,
                                                            "count": 1,
                                                            "is_parallel": true,
                                                            "self": 8.19999999990273e-05,
                                                            "children": {
                                                                "_process_rank_one_or_two_observation": {
                                                                    "total": 9.090000000000487e-05,
                                                                    "count": 2,
                                                                    "is_parallel": true,
                                                                    "self": 9.090000000000487e-05
                                                                }
                                                            }
                                                        }
                                                    }
                                                }
                                            }
                                        }
                                    }
                                }
                            }
                        },
                        "trainer_advance": {
                            "total": 2.200000000129876e-05,
                            "count": 1,
                            "self": 1.51000000023771e-05,
                            "children": {
                                "process_trajectory": {
                                    "total": 6.899999998921658e-06,
                                    "count": 1,
                                    "self": 6.899999998921658e-06
                                }
                            }
                        }
                    }
                },
                "TrainerController._save_models": {
                    "total": 0.06192500000000223,
                    "count": 1,
                    "self": 0.008579499999996187,
                    "children": {
                        "RLTrainer._checkpoint": {
                            "total": 0.05334550000000604,
                            "count": 1,
                            "self": 0.05334550000000604
                        }
                    }
                }
            }
        }
    }
}