{
    "name": "root",
    "metadata": {
        "timer_format_version": "0.1.0",
        "start_time_seconds": "1721323491",
        "python_version": "3.8.10 (tags/v3.8.10:3d8993a, May  3 2021, 11:48:03) [MSC v.1928 64 bit (AMD64)]",
        "command_line_arguments": "C:\\Users\\nicol\\ml-agents\\venv\\Scripts\\mlagents-learn BossAgent.yaml --run-id=quintaflinston --force",
        "mlagents_version": "0.29.0",
        "mlagents_envs_version": "0.29.0",
        "communication_protocol_version": "1.5.0",
        "pytorch_version": "1.8.1+cpu",
        "numpy_version": "1.21.2",
        "end_time_seconds": "1721323775"
    },
    "total": 284.04456899999997,
    "count": 1,
    "self": 0.0040735999999697015,
    "children": {
        "run_training.setup": {
            "total": 0.09404610000000002,
            "count": 1,
            "self": 0.09404610000000002
        },
        "TrainerController.start_learning": {
            "total": 283.9464493,
            "count": 1,
            "self": 0.0004593999999542575,
            "children": {
                "TrainerController._reset_env": {
                    "total": 26.8788697,
                    "count": 1,
                    "self": 26.8788697
                },
                "TrainerController.advance": {
                    "total": 257.0038213,
                    "count": 22,
                    "self": 0.00028149999991455843,
                    "children": {
                        "env_step": {
                            "total": 257.0030975,
                            "count": 22,
                            "self": 257.00277320000004,
                            "children": {
                                "SubprocessEnvManager._take_step": {
                                    "total": 0.00012649999997549344,
                                    "count": 23,
                                    "self": 0.00012649999997549344
                                },
                                "workers": {
                                    "total": 0.0001978000000342206,
                                    "count": 21,
                                    "self": 0.0,
                                    "children": {
                                        "worker_root": {
                                            "total": 168.30404880000003,
                                            "count": 21,
                                            "is_parallel": true,
                                            "self": 0.01925270000000978,
                                            "children": {
                                                "steps_from_proto": {
                                                    "total": 0.0005141000000001839,
                                                    "count": 2,
                                                    "is_parallel": true,
                                                    "self": 0.00021129999999658367,
                                                    "children": {
                                                        "_process_rank_one_or_two_observation": {
                                                            "total": 0.0003028000000036002,
                                                            "count": 4,
                                                            "is_parallel": true,
                                                            "self": 0.0003028000000036002
                                                        }
                                                    }
                                                },
                                                "UnityEnvironment.step": {
                                                    "total": 168.28428200000002,
                                                    "count": 21,
                                                    "is_parallel": true,
                                                    "self": 0.0016404999999508618,
                                                    "children": {
                                                        "UnityEnvironment._generate_step_input": {
                                                            "total": 0.0004047999999983176,
                                                            "count": 21,
                                                            "is_parallel": true,
                                                            "self": 0.0004047999999983176
                                                        },
                                                        "communicator.exchange": {
                                                            "total": 168.27837060000002,
                                                            "count": 21,
                                                            "is_parallel": true,
                                                            "self": 168.27837060000002
                                                        },
                                                        "steps_from_proto": {
                                                            "total": 0.003866100000031736,
                                                            "count": 21,
                                                            "is_parallel": true,
                                                            "self": 0.0018337000000272496,
                                                            "children": {
                                                                "_process_rank_one_or_two_observation": {
                                                                    "total": 0.002032400000004486,
                                                                    "count": 42,
                                                                    "is_parallel": true,
                                                                    "self": 0.002032400000004486
                                                                }
                                                            }
                                                        }
                                                    }
                                                }
                                            }
                                        }
                                    }
                                }
                            }
                        },
                        "trainer_advance": {
                            "total": 0.0004423000000741695,
                            "count": 21,
                            "self": 0.00029830000000430346,
                            "children": {
                                "process_trajectory": {
                                    "total": 0.00014400000006986602,
                                    "count": 21,
                                    "self": 0.00014400000006986602
                                }
                            }
                        }
                    }
                },
                "TrainerController._save_models": {
                    "total": 0.0632989000000066,
                    "count": 1,
                    "self": 0.008759300000008352,
                    "children": {
                        "RLTrainer._checkpoint": {
                            "total": 0.054539599999998245,
                            "count": 1,
                            "self": 0.054539599999998245
                        }
                    }
                }
            }
        }
    }
}